id,track,topic,problem,inputType,variables,answer,acceptedFormats,solution1,solution2,solution3,solution4,solution5,hint1,hint2,date
1,standard,Quadratics,Solve: x² - 5x + 6 = 0,multiple,x,"x = 2, 3","x = 2, 3 | x = 3, 2 | 2, 3 | 3, 2 | x = 2 or x = 3 | x = 3 or x = 2",Look for two numbers that multiply to 6 and add to -5,The numbers are -2 and -3: (-2)(-3) = 6 and (-2) + (-3) = -5,Factor: x² - 5x + 6 = (x - 2)(x - 3) = 0,Apply the zero product property: x - 2 = 0 or x - 3 = 0,Therefore x = 2 or x = 3,Look for two numbers that multiply to the constant term and add to the coefficient of x,Both numbers are negative — try -2 and -3,
2,standard,Quadratics,Solve: 2x² + 7x - 15 = 0,multiple,x,"x = -5, 1.5","x = -5, 1.5 | x = 1.5, -5 | -5, 1.5 | 1.5, -5 | x = -5 or x = 1.5 | x = -5, 3/2 | x = 3/2, -5",Multiply a × c = 2 × (-15) = -30; find two numbers that multiply to -30 and add to 7,Those numbers are 10 and -3: 10 × (-3) = -30 and 10 + (-3) = 7,Rewrite the middle term: 2x² + 10x - 3x - 15 = 0,Factor by grouping: 2x(x + 5) - 3(x + 5) = (2x - 3)(x + 5) = 0,Solve: 2x - 3 = 0 gives x = 1.5; x + 5 = 0 gives x = -5,"Multiply the leading coefficient by the constant to get -30, then find two factors that sum to 7","Try splitting the middle term using 10 and -3, then factor by grouping",
3,standard,Quadratics,Solve by completing the square: x² - 4x - 12 = 0,multiple,x,"x = -2, 6","x = -2, 6 | x = 6, -2 | -2, 6 | 6, -2 | x = -2 or x = 6 | x = 6 or x = -2",Move the constant to the right: x² - 4x = 12,Add (4/2)² = 4 to both sides: x² - 4x + 4 = 16,Write the left side as a perfect square: (x - 2)² = 16,Take the square root of both sides: x - 2 = ±4,Solve: x = 2 + 4 = 6 or x = 2 - 4 = -2,"Move the constant to the right, then add (half the x-coefficient)² to both sides",After completing the square you'll have (x - 2)² = 16 — take square roots,
4,standard,Quadratics,Use the quadratic formula to solve: 3x² - 5x - 2 = 0,multiple,x,"x = -1/3, 2","x = -1/3, 2 | x = 2, -1/3 | -1/3, 2 | 2, -1/3 | x = 2 or x = -1/3 | x = -0.333, 2","Identify a = 3, b = -5, c = -2",Calculate the discriminant: b² - 4ac = 25 + 24 = 49,Apply the formula: x = (5 ± √49) / 6 = (5 ± 7) / 6,Two solutions: x = (5 + 7)/6 = 12/6 = 2 and x = (5 - 7)/6 = -2/6 = -1/3,Therefore x = 2 or x = -1/3,"Identify a, b, c and substitute into x = (-b ± √(b² - 4ac)) / 2a","The discriminant b² - 4ac = 49, which is a perfect square — the arithmetic stays clean",
5,standard,Quadratics,"A rectangle's length is 4 cm more than its width. If the area is 21 cm², find the width.",single,w,3 cm,3 cm | 3 | w = 3 | w = 3 cm,Let the width be w cm; then the length is (w + 4) cm,Set up the area equation: w(w + 4) = 21,Expand and rearrange: w² + 4w - 21 = 0,Factor: (w + 7)(w - 3) = 0,"Since width must be positive, reject w = -7 and take w = 3 cm","Define the width as w — the length is w + 4, and area = length × width",You'll get w² + 4w - 21 = 0; look for two numbers that multiply to -21 and add to 4,
6,standard,Quadratics,Find the value(s) of k for which x² + kx + 9 = 0 has equal roots.,multiple,k,"k = 6, -6","k = 6, -6 | k = -6, 6 | k = ±6 | 6, -6 | -6, 6 | k = 6 or k = -6","For equal roots, the discriminant must equal zero: Δ = b² - 4ac = 0","Here a = 1, b = k, c = 9, so the discriminant is k² - 4(1)(9) = k² - 36",Set it equal to zero: k² - 36 = 0,"Solve: k² = 36, so k = ±6",Therefore k = 6 or k = -6,Equal roots occur when the discriminant b² - 4ac equals exactly zero,Substitute into k² - 4(1)(9) = 0 and solve for k,
7,standard,Simultaneous Equations,Solve: y = 2x - 1 and x + y = 8,single,x | y,"x = 3, y = 5","x = 3, y = 5 | x=3, y=5 | (3, 5) | x = 3 and y = 5","Since y = 2x - 1 is already isolated, substitute it into the second equation",x + (2x - 1) = 8,"Simplify: 3x - 1 = 8, so 3x = 9 and x = 3",Substitute back: y = 2(3) - 1 = 5,"Solution: x = 3, y = 5",Substitute the expression for y from the first equation directly into the second,"After substituting you'll have a single equation in x only — solve it, then find y",
8,standard,Simultaneous Equations,Solve: 3x + 2y = 12 and x - 2y = 4,single,x | y,"x = 4, y = 0","x = 4, y = 0 | x=4, y=0 | (4, 0) | x = 4 and y = 0","Notice the y-coefficients are +2 and -2 — they're opposites, so adding eliminates y",Add the equations: (3x + 2y) + (x - 2y) = 12 + 4,"Simplify: 4x = 16, so x = 4","Substitute into x - 2y = 4: 4 - 2y = 4, so 2y = 0 and y = 0","Solution: x = 4, y = 0","Look at the y-coefficients — they're +2 and -2, so adding the equations eliminates y immediately","After finding x = 4, substitute into either original equation to find y",
9,standard,Simultaneous Equations,Solve: 2x + 3y = 7 and 3x - y = 5,single,x | y,"x = 2, y = 1","x = 2, y = 1 | x=2, y=1 | (2, 1) | x = 2 and y = 1","From the second equation, isolate y: y = 3x - 5",Substitute into the first: 2x + 3(3x - 5) = 7,"Expand: 2x + 9x - 15 = 7, so 11x = 22 and x = 2",Substitute back: y = 3(2) - 5 = 1,"Solution: x = 2, y = 1","Rearrange the second equation to isolate y, then substitute into the first","After substituting, collect like terms to get 11x = 22",
10,standard,Simultaneous Equations,Solve: x - y = 3 and 2x + y = 15,single,x | y,"x = 6, y = 3","x = 6, y = 3 | x=6, y=3 | (6, 3) | x = 6 and y = 3",The y-terms are -y and +y — they cancel when we add the equations,Add: (x - y) + (2x + y) = 3 + 15,"Simplify: 3x = 18, so x = 6","Substitute into x - y = 3: 6 - y = 3, so y = 3","Solution: x = 6, y = 3",Adding the two equations will cancel the y-variable immediately,"After finding x = 6, substitute into either equation to find y",
11,standard,Simultaneous Equations,Two numbers sum to 30 and their difference is 12. Find both numbers.,single,x | y,21 and 9,"21 and 9 | 9 and 21 | x = 21, y = 9 | 21, 9 | 9, 21",Let the two numbers be x (larger) and y (smaller). Write: x + y = 30 and x - y = 12,"Add the equations: 2x = 42, so x = 21","Substitute: 21 + y = 30, so y = 9",Check: 21 + 9 = 30 ✓ and 21 - 9 = 12 ✓,The two numbers are 21 and 9,Assign variables to the two numbers and write one equation for their sum and one for their difference,Adding the two equations eliminates one variable — try that first,
12,standard,Simultaneous Equations,Solve: 4x + y = 10 and 2x - 3y = 12,single,x | y,"x = 3, y = -2","x = 3, y = -2 | x=3, y=-2 | (3, -2) | x = 3 and y = -2","From the first equation, isolate y: y = 10 - 4x",Substitute into the second: 2x - 3(10 - 4x) = 12,"Expand: 2x - 30 + 12x = 12, so 14x = 42 and x = 3",Substitute back: y = 10 - 4(3) = 10 - 12 = -2,"Solution: x = 3, y = -2","Isolate y from the first equation, then substitute into the second","After substituting and expanding, collect x-terms to get 14x = 42",
13,standard,Trigonometry,Solve sin x = √3/2 for 0° ≤ x ≤ 360°,multiple,x,"x = 60°, 120°","x = 60°, 120° | x = 120°, 60° | 60°, 120° | 60, 120 | x = 60 and x = 120",The reference angle where sin = √3/2 is sin⁻¹(√3/2) = 60°,Sine is positive in the first and second quadrants,First quadrant solution: x = 60°,Second quadrant solution: x = 180° - 60° = 120°,Solutions: x = 60° and x = 120°,Find the reference angle first — it's the acute angle whose sine equals √3/2,Sine is positive in two quadrants. Use the reference angle to find a solution in each,
14,standard,Trigonometry,Solve cos x = -1/2 for 0° ≤ x ≤ 360°,multiple,x,"x = 120°, 240°","x = 120°, 240° | x = 240°, 120° | 120°, 240° | 120, 240 | x = 120 and x = 240",The reference angle for |cos x| = 1/2 is cos⁻¹(1/2) = 60°,"Since cos x is negative, x must lie in the second or third quadrant",Second quadrant: x = 180° - 60° = 120°,Third quadrant: x = 180° + 60° = 240°,Solutions: x = 120° and x = 240°,"Find the reference angle using |cos x| = 1/2, then determine which quadrants give a negative cosine",Cosine is negative in the second and third quadrants,
15,standard,Trigonometry,Evaluate exactly: sin 60° × cos 30° + cos 60° × sin 30°,single,,1,1 | 1.0 | = 1,"Recall exact values: sin 60° = √3/2, cos 30° = √3/2, cos 60° = 1/2, sin 30° = 1/2",Substitute: (√3/2)(√3/2) + (1/2)(1/2),Calculate each product: 3/4 + 1/4,Add the fractions: 4/4 = 1,Bonus insight: this expression equals sin(60° + 30°) = sin 90° = 1,Use exact values: sin 60° = cos 30° = √3/2 and sin 30° = cos 60° = 1/2,"Multiply each pair first, then add — the fractions share a common denominator",
16,standard,Trigonometry,"Given sin θ = 3/5 and 0° < θ < 90°, find the exact value of tan θ.",single,θ,tan θ = 3/4,tan θ = 3/4 | 3/4 | 0.75 | tan θ = 0.75,"Draw a right triangle: opposite = 3, hypotenuse = 5",Find the adjacent side using Pythagoras: adjacent² = 5² - 3² = 25 - 9 = 16,So adjacent = 4,Apply tan θ = opposite / adjacent = 3/4,Therefore tan θ = 3/4,"Use a right triangle — if sin θ = 3/5, the opposite side is 3 and the hypotenuse is 5","Find the missing (adjacent) side using Pythagoras, then use tan = opposite/adjacent",
17,standard,Trigonometry,Find the exact area of a triangle with two sides of 6 cm and 8 cm and an included angle of 30°.,single,,12 cm²,12 cm² | 12 cm2 | 12 | 12 square cm,"Use the formula: Area = ½ab sin C, where a and b are two sides and C is the included angle",Substitute: Area = ½ × 6 × 8 × sin 30°,Recall the exact value: sin 30° = 1/2,Calculate: Area = ½ × 6 × 8 × ½ = ½ × 48 × ½,Area = 48/4 = 12 cm²,"Use the area formula: Area = ½ab sin C, where C is the angle between the two given sides",sin 30° has an exact value of 1/2 — substitute it in and the arithmetic stays clean,
18,standard,Trigonometry,Solve 2sin²x + sin x - 1 = 0 for 0° ≤ x ≤ 360°,multiple,x,"x = 30°, 150°, 270°","x = 30°, 150°, 270° | 30°, 150°, 270° | 30, 150, 270 | x = 30, 150, 270",Let u = sin x. The equation becomes 2u² + u - 1 = 0,Factor: (2u - 1)(u + 1) = 0,So sin x = 1/2 or sin x = -1,For sin x = 1/2: x = 30° or x = 150° (first and second quadrants),"For sin x = -1: x = 270°. Solutions: x = 30°, 150°, 270°",Substitute u = sin x to turn this into a quadratic equation in u,After factoring you'll solve sin x = 1/2 and sin x = -1 separately — each gives different solutions,
19,standard,Logarithms,Evaluate: log₂ 32,single,,5,5 | = 5,Ask: '2 to the power of what equals 32?',"List powers of 2: 2¹ = 2, 2² = 4, 2³ = 8, 2⁴ = 16, 2⁵ = 32",So 2⁵ = 32,Therefore log₂ 32 = 5,Verify: 2⁵ = 32 ✓,Rewrite as 2? = 32 and think about successive powers of 2,32 = 2 × 2 × 2 × 2 × 2 — count the factors of 2,
20,standard,Logarithms,Solve: log₃ x = 4,single,x,x = 81,x = 81 | 81,Convert from logarithmic to exponential form using: log_b(x) = n  ⟺  b^n = x,log₃ x = 4 means 3⁴ = x,Calculate: 3⁴ = 3 × 3 × 3 × 3 = 81,Therefore x = 81,Verify: log₃ 81 = 4 since 3⁴ = 81 ✓,Convert from log form to exponential form: log_b(x) = n means b^n = x,Calculate 3⁴ to find x,
21,standard,Logarithms,Evaluate: log₁₀ 5 + log₁₀ 20,single,,2,2 | = 2 | 2.0,Apply the logarithm product rule: log a + log b = log(a × b),log₁₀ 5 + log₁₀ 20 = log₁₀(5 × 20),Calculate the product: 5 × 20 = 100,Evaluate: log₁₀ 100 = log₁₀ 10² = 2,The answer is 2,Use the product rule to combine the two logs into one: log a + log b = log(ab),"After combining, ask what power of 10 equals the result",
22,standard,Logarithms,Solve: 4^x = 2^(x + 6),single,x,x = 6,x = 6 | 6,"Write 4 as a power of 2: 4 = 2², so 4^x = (2²)^x = 2^(2x)",The equation becomes: 2^(2x) = 2^(x + 6),"Since the bases are equal, the exponents must be equal: 2x = x + 6",Solve: x = 6,Verify: 4⁶ = 4096 and 2^(6+6) = 2¹² = 4096 ✓,Express 4 as a power of 2 so both sides share the same base,"Once both sides have base 2, set the exponents equal and solve",
23,standard,Logarithms,Solve: log x + log(x + 3) = 1  (base 10),single,x,x = 2,x = 2 | 2,Apply the product rule: log x + log(x + 3) = log[x(x + 3)],The equation becomes: log[x(x + 3)] = 1,Convert to exponential form: x(x + 3) = 10¹ = 10,"Expand and rearrange: x² + 3x - 10 = 0, which factors as (x + 5)(x - 2) = 0","Solutions are x = -5 or x = 2. Since log of a negative is undefined, x = 2","Combine the logs using the product rule, then convert to exponential form",You'll get a quadratic — check that your solutions keep x > 0 (you can't log a negative number),
24,standard,Logarithms,Solve: log₂(x + 3) + log₂(x - 1) = 5,single,x,x = 5,x = 5 | 5,Apply the product rule: log₂[(x + 3)(x - 1)] = 5,Convert to exponential form: (x + 3)(x - 1) = 2⁵ = 32,Expand: x² + 2x - 3 = 32,"Rearrange: x² + 2x - 35 = 0, which factors as (x + 7)(x - 5) = 0","x = -7 or x = 5. Since x must satisfy x > 1 (so log₂(x-1) is defined), x = 5","Combine the logs using the product rule, then write 2⁵ = 32 to convert to exponential form",You'll get a quadratic — check which solution keeps both log arguments positive,
25,standard,Functions,Find the domain of f(x) = √(x - 2).,single,x,x ≥ 2,"x ≥ 2 | x >= 2 | [2, ∞) | x is greater than or equal to 2","For a square root to be defined, the expression inside must be non-negative",Set up the inequality: x - 2 ≥ 0,Solve: x ≥ 2,This means f(x) is only defined for x values of 2 or greater,Domain: x ≥ 2,The expression under a square root must be greater than or equal to zero,Solve the inequality x - 2 ≥ 0 to find which x-values are allowed,
26,standard,Functions,"Given f(x) = 2x + 1 and g(x) = x², find f(g(3)).",single,,19,19 | f(g(3)) = 19,"f(g(3)) means: apply g first, then apply f to the result",Step 1 — evaluate g(3): g(3) = 3² = 9,Step 2 — apply f to 9: f(9) = 2(9) + 1 = 19,Therefore f(g(3)) = 19,Note: this differs from g(f(3)) = g(7) = 49 — order matters in compositions,"Work from the inside out — evaluate g(3) first, then feed that result into f",g(3) = 9; now calculate f(9) using f(x) = 2x + 1,
27,standard,Functions,Find the inverse function of f(x) = 3x - 5.,single,x,f⁻¹(x) = (x + 5) / 3,f⁻¹(x) = (x + 5) / 3 | (x + 5) / 3 | (x+5)/3 | f-1(x) = (x+5)/3 | (x+5) / 3,Replace f(x) with y: y = 3x - 5,Swap x and y to find the inverse: x = 3y - 5,Add 5 to both sides: x + 5 = 3y,Divide by 3: y = (x + 5) / 3,Therefore f⁻¹(x) = (x + 5) / 3,"To find an inverse: replace f(x) with y, swap x and y, then solve for y","After swapping, isolate y by first adding 5, then dividing by 3",
28,standard,Functions,"Given f(x) = x + 2 and g(x) = x², find g(f(x)) and expand fully.",single,x,x² + 4x + 4,x² + 4x + 4 | x^2 + 4x + 4 | (x+2)² | (x + 2)^2,g(f(x)) means: substitute f(x) into g in place of x,"f(x) = x + 2, so g(f(x)) = g(x + 2) = (x + 2)²",Expand using (a + b)² = a² + 2ab + b²,(x + 2)² = x² + 2(x)(2) + 2² = x² + 4x + 4,Therefore g(f(x)) = x² + 4x + 4,Replace every x in g(x) with the entire expression f(x) = x + 2,You'll need to expand (x + 2)² using the perfect square rule (a + b)² = a² + 2ab + b²,
29,standard,Functions,State the domain of f(x) = (x + 1) / (x² - 9).,single,x,x ≠ 3 and x ≠ -3,"x ≠ 3 and x ≠ -3 | x ≠ ±3 | all real x except x = 3 and x = -3 | x ≠ 3, x ≠ -3 | x not equal to 3 or -3",A fraction is undefined when its denominator equals zero,Set the denominator equal to zero: x² - 9 = 0,Factor as a difference of squares: (x - 3)(x + 3) = 0,So x = 3 or x = -3 make f undefined,Domain: all real numbers except x = 3 and x = -3,The function is undefined wherever the denominator equals zero — find those x-values,Factor x² - 9 as a difference of two squares,
30,standard,Functions,"Find the inverse of f(x) = (x + 1) / (x - 2),  x ≠ 2.",single,x,f⁻¹(x) = (2x + 1) / (x - 1),f⁻¹(x) = (2x + 1) / (x - 1) | (2x + 1) / (x - 1) | (2x+1)/(x-1) | f-1(x) = (2x+1)/(x-1),Replace f(x) with y: y = (x + 1) / (x - 2),Swap x and y: x = (y + 1) / (y - 2),Multiply both sides by (y - 2): x(y - 2) = y + 1,Expand and collect y-terms: xy - 2x = y + 1  →  xy - y = 2x + 1  →  y(x - 1) = 2x + 1,Divide: f⁻¹(x) = (2x + 1) / (x - 1),"Swap x and y, then multiply both sides by (y - 2) to clear the fraction","Collect all terms with y on one side, factor out y, then divide to isolate it",
31,advanced,Integration,Evaluate: ∫₀^(π/2) sin²(x) dx,single,,π/4,π/4 | pi/4 | 0.785,Use the power reduction identity: sin²(x) = (1 - cos(2x)) / 2,Rewrite the integral: ∫₀^(π/2) (1 - cos(2x)) / 2 dx,Integrate term by term: [x/2 - sin(2x)/4]₀^(π/2),Evaluate at upper bound: π/4 - sin(π)/4 = π/4 - 0 = π/4,"Lower bound gives 0, so the answer is π/4",Use a trig identity to rewrite sin²(x) as something easier to integrate,The power reduction formula sin²(x) = (1 - cos(2x))/2 removes the square,
32,advanced,Integration,Evaluate: ∫₀^1 x·eˣ dx,single,,1,1 | 1.0,Use integration by parts: let u = x and dv = eˣ dx,Then du = dx and v = eˣ,Apply ∫u dv = uv - ∫v du: [xeˣ]₀^1 - ∫₀^1 eˣ dx,Evaluate boundary term: (1·e - 0) = e,Subtract ∫₀^1 eˣ dx = [eˣ]₀^1 = e - 1. Answer: e - (e - 1) = 1,Integration by parts works well here — let u be the polynomial factor,"Let u = x and dv = eˣ dx, so du = dx and v = eˣ",
33,advanced,Integration,Evaluate: ∫₀^1 1 / ((x + 1)(x + 2)) dx,single,,ln(4/3),ln(4/3) | log(4/3) | ln 4/3 | 0.288,Decompose: 1/((x+1)(x+2)) = A/(x+1) + B/(x+2). Multiply through to get 1 = A(x+2) + B(x+1),Set x = -1: A = 1. Set x = -2: B = -1,Integral becomes: ∫₀^1 (1/(x+1) - 1/(x+2)) dx,Integrate: [ln(x+1) - ln(x+2)]₀^1 = [ln((x+1)/(x+2))]₀^1,Evaluate: ln(2/3) - ln(1/2) = ln(2/3 ÷ 1/2) = ln(4/3),Decompose the integrand into partial fractions before integrating,"After decomposing, you'll integrate 1/(x+1) - 1/(x+2); evaluate carefully at both bounds",
34,advanced,Integration,Evaluate: ∫₀^π x·sin(x) dx,single,,π,π | pi | 3.14159 | 3.142,Use integration by parts: let u = x and dv = sin(x) dx,Then du = dx and v = -cos(x),Apply the formula: [-x·cos(x)]₀^π + ∫₀^π cos(x) dx,Boundary term: -π·cos(π) + 0 = -π·(-1) = π,Add ∫₀^π cos(x) dx = [sin(x)]₀^π = 0. Final answer: π,Use integration by parts with u = x (the polynomial factor),The boundary term -π·cos(π) simplifies nicely since cos(π) = -1,
35,advanced,Integration,Evaluate: ∫₀^√3 x·√(x² + 1) dx,single,,7/3,7/3 | 2.333 | 2.33,"Use substitution: let u = x² + 1, so du = 2x dx, meaning x dx = du/2",Change limits: x = 0 → u = 1; x = √3 → u = 4,The integral becomes: (1/2) ∫₁^4 √u du = (1/2) ∫₁^4 u^(1/2) du,Integrate: (1/2) · [2u^(3/2)/3]₁^4 = (1/3)[u^(3/2)]₁^4,Evaluate: (1/3)(4^(3/2) - 1) = (1/3)(8 - 1) = 7/3,Look for a substitution that simplifies the integrand — the x outside the root is a clue,Let u = x² + 1 so that du = 2x dx; the x dx factor becomes du/2,
36,advanced,Integration,Evaluate: ∫₀^(π/2) sin³(x)·cos²(x) dx,single,,2/15,2/15 | 0.133 | 0.1333,"Rewrite: sin³(x) = sin(x)·(1 - cos²(x)), saving one sin(x) for the substitution","Let u = cos(x), so du = -sin(x) dx; limits: x=0 → u=1, x=π/2 → u=0",Integral becomes: ∫₁^0 (1 - u²)·u²·(-du) = ∫₀^1 (u² - u⁴) du,Integrate: [u³/3 - u⁵/5]₀^1,Evaluate: 1/3 - 1/5 = 5/15 - 3/15 = 2/15,Split off one sin(x) factor to pair with dx for a substitution,Let u = cos(x) and use sin²(x) = 1 - u² — the integral becomes a simple polynomial in u,
37,advanced,Differential Equations,"Solve the separable ODE: dy/dx = 2xy, given y(0) = 3.",expression,y,y = 3e^(x²),y = 3e^(x²) | y = 3e^(x^2) | 3e^(x²) | 3e^(x^2),Separate variables: dy/y = 2x dx,Integrate both sides: ln|y| = x² + C,Exponentiate: y = Ae^(x²) where A is a constant,Apply the initial condition y(0) = 3: A·e⁰ = A = 3,Particular solution: y = 3e^(x²),Separate variables by moving all y terms to one side and all x terms to the other,"After integrating, you get ln|y| = x² + C — exponentiate both sides to find y",
38,advanced,Differential Equations,"Solve the first-order linear ODE: dy/dx + y = eˣ, with y(0) = 1.",expression,y,y = (eˣ + e^(-x)) / 2,y = (eˣ + e^(-x)) / 2 | (e^x + e^(-x))/2 | y = cosh(x) | cosh(x),Identify P(x) = 1; the integrating factor is μ = e^(∫1 dx) = eˣ,Multiply through by eˣ: d/dx[y·eˣ] = e^(2x),Integrate both sides: y·eˣ = e^(2x)/2 + C,Divide by eˣ: y = eˣ/2 + Ce^(-x),"Apply y(0) = 1: 1/2 + C = 1, so C = 1/2. Therefore y = (eˣ + e^(-x))/2",This is in the standard form dy/dx + P(x)y = Q(x) — find the integrating factor μ = e^(∫P dx),The integrating factor is eˣ; multiplying through makes the left side d/dx[yeˣ],
39,advanced,Differential Equations,"A population grows proportionally to its size. If P(0) = 500 and P(3) = 2000, find P(6).",single,P,8000,8000 | P(6) = 8000,"The model is dP/dt = kP, giving the solution P(t) = 500·e^(kt)","Apply P(3) = 2000: 500·e^(3k) = 2000, so e^(3k) = 4",The population quadruples every 3 time units,P(6) = P(3) × 4 = 2000 × 4 = 8000,Alternatively: P(6) = 500·(e^(3k))² = 500 × 16 = 8000,Write the exponential model P = 500e^(kt) and use P(3) = 2000 to find the growth factor,"Since e^(3k) = 4, the population quadruples every 3 units — so P(6) = P(3) × 4",
40,advanced,Differential Equations,"Solve: dy/dx = (y + 1)/(x + 1), with y(0) = 1.",expression,y,y = 2x + 1,y = 2x + 1 | 2x + 1 | y = 2(x + 1) - 1,Separate variables: dy/(y + 1) = dx/(x + 1),Integrate both sides: ln|y + 1| = ln|x + 1| + C,Exponentiate: y + 1 = A(x + 1) where A = e^C,"Apply y(0) = 1: 1 + 1 = A(0 + 1), so A = 2","Therefore y + 1 = 2(x + 1), giving y = 2x + 1",Separate variables — both sides integrate to logarithm expressions,After integrating you get y + 1 = A(x + 1); use y(0) = 1 to find A = 2,
41,advanced,Differential Equations,"Solve: x·dy/dx + y = x², with y(3) = 4.",expression,y,y = x²/3 + 3/x,y = x²/3 + 3/x | x^2/3 + 3/x | y = x^2/3 + 3/x,Divide by x to get standard form: dy/dx + y/x = x,Integrating factor: μ = e^(∫1/x dx) = e^(ln x) = x,Multiply through by x: d/dx[xy] = x²,"Integrate: xy = x³/3 + C, so y = x²/3 + C/x",Apply y(3) = 4: 9/3 + C/3 = 4 → C = 3. Therefore y = x²/3 + 3/x,"Divide both sides by x to get the standard linear form, then find the integrating factor","The integrating factor is x; after multiplying, the left side becomes d/dx[xy]",
42,advanced,Differential Equations,Newton's Law of Cooling: dT/dt = -k(T - 20). A body cools from 100°C to 60°C in 5 minutes. Find the temperature after 10 minutes.,single,T,40°C,40°C | 40 | T = 40,"General solution: T - 20 = Ae^(-kt). At t = 0, T = 100, so A = 80","Apply T(5) = 60: 40 = 80·e^(-5k), giving e^(-5k) = 1/2",The excess temperature halves every 5 minutes,At t = 10: T - 20 = 80·(e^(-5k))² = 80·(1/2)² = 80/4 = 20,Therefore T(10) = 20 + 20 = 40°C,Write T - 20 = Ae^(-kt) and use T(0) = 100 to find A = 80,From T(5) = 60 you get e^(-5k) = 1/2; use this squared to find T(10) without computing k,
43,advanced,Matrices,"Find the determinant of A = [[3, 2], [1, 4]].",single,,10,10 | det(A) = 10,"For a 2×2 matrix [[a, b], [c, d]], the determinant is ad - bc","Identify: a = 3, b = 2, c = 1, d = 4",Calculate: det(A) = (3)(4) - (2)(1),= 12 - 2,= 10,For a 2×2 matrix: det = (main diagonal product) - (anti-diagonal product),"det([[3,2],[1,4]]) = 3·4 - 2·1",
44,advanced,Matrices,Use Cramer's Rule to solve the system: 3x + 2y = 8 and x + 4y = 6.,single,x | y,"x = 2, y = 1","x = 2, y = 1 | x=2, y=1 | (2, 1)","Set up the coefficient matrix A = [[3,2],[1,4]]; det(A) = 12 - 2 = 10","For x: replace the x-column with constants → det([[8,2],[6,4]]) = 32 - 12 = 20",x = det_x / det(A) = 20/10 = 2,"For y: replace the y-column with constants → det([[3,8],[1,6]]) = 18 - 8 = 10","y = det_y / det(A) = 10/10 = 1. Solution: x = 2, y = 1",Cramer's Rule: x = det(Aₓ)/det(A) where Aₓ replaces the x-column with the constants vector,"First compute det(A) = 10, then build Aₓ and A_y by substituting the right-hand side values",
45,advanced,Matrices,"Find the eigenvalues of A = [[4, 1], [2, 3]].",multiple,λ,"λ = 2, 5","λ = 2, 5 | λ = 5, 2 | 2, 5 | 5, 2 | λ = 2 and λ = 5",Set up the characteristic equation: det(A - λI) = 0,"det([[4-λ, 1],[2, 3-λ]]) = (4-λ)(3-λ) - 2 = 0",Expand: λ² - 7λ + 12 - 2 = λ² - 7λ + 10 = 0,Factor: (λ - 2)(λ - 5) = 0,Eigenvalues: λ = 2 and λ = 5,Eigenvalues come from det(A - λI) = 0 — subtract λ from each main diagonal entry,Expanding gives λ² - 7λ + 10 = 0; factor this quadratic,
46,advanced,Matrices,"If A = [[2, 1], [0, 3]], find det(A³).",single,,216,216,Use the multiplicative property of determinants: det(Aⁿ) = det(A)ⁿ,Calculate det(A) = (2)(3) - (1)(0) = 6,Apply the property: det(A³) = det(A)³ = 6³,Calculate: 6³ = 6 × 6 × 6 = 216,Therefore det(A³) = 216,"Use the key identity det(AB) = det(A)·det(B), which extends to det(Aⁿ) = det(A)ⁿ","Find det(A) first (a simple 2×2), then raise it to the third power",
47,advanced,Matrices,"Given A = [[1, 2], [3, 4]] and B = [[0, 1], [1, 0]], find det(AB).",single,,2,2,Use the property det(AB) = det(A) · det(B) — no need to multiply the matrices,Calculate det(A) = (1)(4) - (2)(3) = 4 - 6 = -2,Calculate det(B) = (0)(0) - (1)(1) = -1,Apply: det(AB) = (-2)(-1) = 2,Therefore det(AB) = 2,The determinant is multiplicative: det(AB) = det(A)·det(B),"Compute each 2×2 determinant separately, then multiply the results",
48,advanced,Matrices,"Find the determinant of A = [[1, 2, 3], [0, 1, 4], [5, 6, 0]].",single,,1,1,Expand along the first column — the zero in row 2 eliminates one term,"det = 1·det([[1,4],[6,0]]) - 0 + 5·det([[2,3],[1,4]])","First minor: det([[1,4],[6,0]]) = (1)(0) - (4)(6) = -24","Third minor: det([[2,3],[1,4]]) = (2)(4) - (3)(1) = 5",det(A) = 1(-24) + 5(5) = -24 + 25 = 1,"Expand along the first column — the zero in position (2,1) means that term vanishes","You only need two 2×2 minors: det([[1,4],[6,0]]) and det([[2,3],[1,4]])",
49,advanced,Vectors,"Given a = (2, 1, 3) and b = (1, -1, 2), find a · b.",single,,7,7,The dot product is a · b = a₁b₁ + a₂b₂ + a₃b₃,Substitute the components: (2)(1) + (1)(-1) + (3)(2),= 2 - 1 + 6,= 7,Therefore a · b = 7,Multiply corresponding components and sum the results,a · b = (2)(1) + (1)(-1) + (3)(2) — compute each product then add,
50,advanced,Vectors,"Find the cross product a × b where a = (1, 0, 1) and b = (0, 1, 1).",single,,"(-1, -1, 1)","(-1, -1, 1) | (-1,-1,1) | -i - j + k","Use the determinant formula with i, j, k in the first row",i-component: (0)(1) - (1)(1) = -1,j-component: -[(1)(1) - (1)(0)] = -1,k-component: (1)(1) - (0)(0) = 1,"a × b = (-1, -1, 1)","Set up the 3×3 determinant with i, j, k in row 1, then a and b in rows 2 and 3",Remember the j-component picks up a negative sign: j = -[(a₁b₃ - a₃b₁)],
51,advanced,Vectors,"Find the angle in degrees between vectors a = (1, 1, 0) and b = (1, 0, 1).",single,,60°,60° | 60 | π/3,Use the dot product formula: cos θ = (a · b) / (|a| |b|),Compute a · b = (1)(1) + (1)(0) + (0)(1) = 1,Compute |a| = √(1 + 1 + 0) = √2 and |b| = √(1 + 0 + 1) = √2,cos θ = 1 / (√2 · √2) = 1/2,θ = cos⁻¹(1/2) = 60°,Use cos θ = (a · b) / (|a||b|) — compute the dot product and both magnitudes,"You'll get cos θ = 1/2, which corresponds to a standard angle",
52,advanced,Vectors,"Given a = (1, 2, 3) and b = (4, 5, 6), find |a × b|.",single,,3√6,3√6 | 3*sqrt(6) | √54 | sqrt(54) | 7.348,"Compute a × b: i(12 - 15) - j(6 - 12) + k(5 - 8) = (-3, 6, -3)","Verify: i: (2)(6)-(3)(5)=-3, j: -[(1)(6)-(3)(4)]=6, k: (1)(5)-(2)(4)=-3",Find the magnitude: |a × b| = √(9 + 36 + 9) = √54,Simplify: √54 = √(9 × 6) = 3√6,Therefore |a × b| = 3√6,"First compute the cross product vector, then find its magnitude","After computing a × b = (-3, 6, -3), evaluate √(9 + 36 + 9) and simplify the surd",
53,advanced,Vectors,"Find the volume of the parallelepiped with edges a = (1, 1, 0), b = (0, 1, 1), c = (1, 0, 1).",single,,2,2,Volume = |a · (b × c)| — compute the scalar triple product,"First find b × c: i(1-0) - j(0-1) + k(0-1) = (1, 1, -1)",Then dot with a: a · (b × c) = (1)(1) + (1)(1) + (0)(-1) = 2,Volume = |2| = 2,The scalar triple product directly gives the parallelepiped volume,"Volume = |a · (b × c)| — compute the cross product first, then dot it with a","b × c = (1, 1, -1); then take the dot product with a = (1, 1, 0)",
54,advanced,Vectors,"Find the distance from point P = (1, 2, 3) to the plane 2x + y - 2z = 5.",single,,7/3,7/3 | 2.333 | 2.33,Use the point-to-plane distance formula: d = |ax₀ + by₀ + cz₀ - d| / √(a² + b² + c²),Substitute: |2(1) + 1(2) + (-2)(3) - 5| / √(4 + 1 + 4),Numerator: |2 + 2 - 6 - 5| = |-7| = 7,Denominator: √9 = 3,Distance = 7/3,"Use d = |ax₀ + by₀ + cz₀ - d| / √(a² + b² + c²) where (a, b, c) is the plane's normal","Plug in x₀=1, y₀=2, z₀=3 — the numerator is |2 + 2 - 6 - 5|",
55,advanced,Complex Numbers,Expand and simplify: (2 + 3i)(1 - 2i).,single,,8 - i,8 - i | 8-i | 8 - 1i,Expand using FOIL: (2)(1) + (2)(-2i) + (3i)(1) + (3i)(-2i),= 2 - 4i + 3i - 6i²,"Recall i² = -1, so -6i² = +6",Combine real parts: 2 + 6 = 8,Combine imaginary parts: -4i + 3i = -i. Answer: 8 - i,"Expand using FOIL, then substitute i² = -1",The -6i² term becomes +6 since i² = -1 — collect real and imaginary parts separately,
56,advanced,Complex Numbers,Express z = √3 + i in polar form r(cos θ + i·sin θ).,expression,z,2(cos(π/6) + i·sin(π/6)),2(cos(π/6) + i·sin(π/6)) | 2(cos(30°) + i·sin(30°)) | 2e^(iπ/6) | 2 cis(π/6),Find the modulus: r = |z| = √((√3)² + 1²) = √(3 + 1) = 2,Find the argument: θ = arctan(Im/Re) = arctan(1/√3) = π/6,Both parts are positive so z is in the first quadrant — θ = π/6 is correct,Write in polar form: z = 2(cos(π/6) + i·sin(π/6)),Verify: 2(√3/2 + i·1/2) = √3 + i ✓,"Find r = √(a² + b²) and θ = arctan(b/a), checking the quadrant",r = 2 and arctan(1/√3) is a standard angle you should recognise,
57,advanced,Complex Numbers,Use De Moivre's Theorem to evaluate (1 + i)⁸.,single,,16,16,Convert 1 + i to polar form: |1 + i| = √2 and arg(1 + i) = π/4,So 1 + i = √2 · (cos(π/4) + i·sin(π/4)),Apply De Moivre's: (1 + i)⁸ = (√2)⁸ · (cos(8·π/4) + i·sin(8·π/4)),(√2)⁸ = (2^(1/2))⁸ = 2⁴ = 16 and cos(2π) + i·sin(2π) = 1,Therefore (1 + i)⁸ = 16,"Convert 1 + i to polar form first, then apply De Moivre's: (r·cisθ)ⁿ = rⁿ·cis(nθ)","|1 + i| = √2 and arg = π/4; raising to the 8th power makes the angle 2π, which gives 1",
58,advanced,Complex Numbers,Find all cube roots of −8.,multiple,z,"-2, 1 + i√3, 1 - i√3","-2, 1 + i√3, 1 - i√3 | 1 + i√3, -2, 1 - i√3 | -2, 1+i√3, 1-i√3",Write −8 in polar form: −8 = 8(cos π + i·sin π),"Cube roots have modulus 8^(1/3) = 2 and arguments (π + 2kπ)/3 for k = 0, 1, 2",k=0: 2(cos(π/3) + i·sin(π/3)) = 2(1/2 + i√3/2) = 1 + i√3,k=1: 2(cos(π) + i·sin(π)) = −2,k=2: 2(cos(5π/3) + i·sin(5π/3)) = 2(1/2 − i√3/2) = 1 − i√3,"Write −8 in polar form, then use the nth root formula: modulus = r^(1/n), arguments spaced 2π/n apart","−8 = 8·e^(iπ); the three cube roots have arguments π/3, π, and 5π/3",
59,advanced,Complex Numbers,Solve over ℂ: z² + 2z + 2 = 0.,multiple,z,"z = -1 + i, -1 - i","z = -1 + i, -1 - i | -1 + i, -1 - i | z = -1 ± i | -1 ± i",Apply the quadratic formula: z = (−b ± √(b² − 4ac)) / 2a,"Substitute a=1, b=2, c=2: z = (−2 ± √(4 − 8)) / 2",= (−2 ± √(−4)) / 2,= (−2 ± 2i) / 2,z = −1 + i  or  z = −1 − i,The discriminant b² − 4ac will be negative — that's expected for complex roots,"b² − 4ac = 4 − 8 = −4, so √(−4) = 2i",
60,advanced,Complex Numbers,Find the two square roots of i.,multiple,z,"(1 + i)/√2, -(1 + i)/√2","(1+i)/√2, -(1+i)/√2 | (1+i)/√2 and -(1+i)/√2 | √2/2 + i√2/2, -√2/2 - i√2/2",Write i in polar form: i = 1·(cos(π/2) + i·sin(π/2)),"Square roots have modulus √1 = 1 and arguments (π/2 + 2kπ)/2 for k = 0, 1",k=0: cos(π/4) + i·sin(π/4) = (1 + i)/√2,k=1: cos(5π/4) + i·sin(5π/4) = (−1 − i)/√2 = −(1 + i)/√2,Verify: ((1+i)/√2)² = (1 + 2i − 1)/2 = 2i/2 = i ✓,Write i in polar form r·e^(iθ) and use the root formula with n = 2,i = e^(iπ/2); the two square roots have arguments π/4 and π/4 + π = 5π/4,
61,hard,Abstract Algebra,"Find the order of the element 12 in the group (Z₁₈, +).",single,,3,3 | order = 3,"The order of element a in (Zₙ, +) is the smallest positive integer k such that k·a ≡ 0 (mod n)","Use the formula: ord(a) = n / gcd(a, n)","Compute gcd(12, 18) using Euclidean algorithm: gcd(12, 18) = gcd(12, 6) = gcd(6, 0) = 6",ord(12) = 18 / 6 = 3,"Verify: 12 ≡ 12, 24 ≡ 6, 36 ≡ 0 (mod 18) ✓ — it takes exactly 3 steps","The order of a in (Zₙ, +) is the smallest k > 0 with k·a ≡ 0 (mod n)","Use the formula ord(a) = n / gcd(a, n)",
62,hard,Abstract Algebra,How many distinct subgroups does the cyclic group Z₁₂ have?,single,,6,6,"By the fundamental theorem of cyclic groups, every subgroup of Zₙ is cyclic and there is exactly one subgroup of each order d where d | n","Find all divisors of 12: 1, 2, 3, 4, 6, 12","There are 6 divisors, so there are 6 distinct subgroups","Explicitly: {0}, {0,6}, {0,4,8}, {0,3,6,9}, {0,2,4,6,8,10}, Z₁₂","Each is generated by 12/d: generators 12, 6, 4, 3, 2, 1 respectively","For cyclic groups, subgroups correspond exactly to divisors of the group order",Count the divisors of 12: each gives one unique subgroup,
63,hard,Abstract Algebra,How many elements of order 4 are there in the group Z₄ × Z₂?,single,,4,4,"The order of (a, b) in Z₄ × Z₂ is lcm(ord(a), ord(b))","We need lcm(ord(a), ord(b)) = 4, which requires ord(a) = 4 (since max order in Z₂ is 2)","Elements of Z₄ with order 4: {1, 3} — these are the generators","Elements of Z₂: {0, 1} — both give lcm(4, 1)=4 and lcm(4, 2)=4","Total: 2 choices for a × 2 choices for b = 4 elements: (1,0), (1,1), (3,0), (3,1)","Order of (a,b) in a direct product is lcm(ord(a), ord(b))","For lcm to equal 4, you need ord(a) = 4; find which elements of Z₄ have order 4",
64,hard,Abstract Algebra,Compute Euler's totient function φ(60).,single,,16,16 | φ(60) = 16,Factorise 60 into prime powers: 60 = 2² × 3 × 5,Apply the multiplicative property: φ(60) = φ(2²) × φ(3) × φ(5),"φ(2²) = 2²(1 - 1/2) = 2, φ(3) = 3(1 - 1/3) = 2, φ(5) = 5(1 - 1/5) = 4",Multiply: φ(60) = 2 × 2 × 4 = 16,"This means 16 integers in {1,...,60} are coprime to 60","Factor 60 into prime powers, then use φ(pⁿ) = pⁿ - pⁿ⁻¹","φ is multiplicative: φ(mn) = φ(m)φ(n) when gcd(m,n) = 1",
65,hard,Abstract Algebra,Use the Chinese Remainder Theorem to find the smallest positive integer x satisfying: x ≡ 3 (mod 5) and x ≡ 2 (mod 7).,single,x,23,23 | x = 23,From the first congruence: x = 5k + 3 for some integer k,"Substitute into the second: 5k + 3 ≡ 2 (mod 7), so 5k ≡ -1 ≡ 6 (mod 7)","Find 5⁻¹ (mod 7): since 5 × 3 = 15 ≡ 1 (mod 7), we have 5⁻¹ ≡ 3 (mod 7)","Multiply: k ≡ 3 × 6 = 18 ≡ 4 (mod 7), so k = 7j + 4",Then x = 5(7j + 4) + 3 = 35j + 23. Smallest positive solution: x = 23,Express x from the first congruence and substitute into the second to find the unknown coefficient,You'll need to find the modular inverse of 5 (mod 7) — find k such that 5k ≡ 1 (mod 7),
66,hard,Abstract Algebra,How many distinct group homomorphisms are there from Z₄ to Z₆?,single,,2,2,"A homomorphism f: Z₄ → Z₆ is determined entirely by f(1), since 1 generates Z₄","The order of f(1) in Z₆ must divide the order of 1 in Z₄, which is 4","Find elements of Z₆ whose order divides 4: orders in Z₆ are: ord(0)=1, ord(1)=6, ord(2)=3, ord(3)=2, ord(4)=3, ord(5)=6","Only ord(0)=1 and ord(3)=2 divide 4, so f(1) ∈ {0, 3}",This gives exactly 2 homomorphisms: the zero map and f(k) = 3k (mod 6),Any homomorphism from Z₄ is determined by the image of the generator 1,The image of 1 must have order in Z₆ that divides 4 — check which elements of Z₆ satisfy this,
67,hard,Real Analysis,Evaluate: lim_{x→0} (eˣ - 1 - x) / x²,single,,1/2,1/2 | 0.5,"This is a 0/0 indeterminate form as x → 0, so L'Hôpital's Rule applies",First application: lim (eˣ - 1) / (2x) — still 0/0,Second application: lim eˣ / 2 = 1/2,"Alternatively, use the Maclaurin series: eˣ = 1 + x + x²/2 + x³/6 + ...",So (eˣ - 1 - x)/x² = (x²/2 + x³/6 + ...)/x² → 1/2 as x → 0,"The form is 0/0 — apply L'Hôpital's Rule twice, or use the Maclaurin series for eˣ",The Maclaurin series eˣ = 1 + x + x²/2 + ... makes the limit immediate,
68,hard,Real Analysis,Find the exact sum of the series: ∑_{n=1}^∞ n² / 3ⁿ,single,,3/2,3/2 | 1.5,Start from the geometric series ∑ xⁿ = 1/(1-x) for |x| < 1,"Differentiate to get ∑ nxⁿ⁻¹ = 1/(1-x)², then multiply by x: ∑ nxⁿ = x/(1-x)²",Differentiate again: ∑ n²xⁿ⁻¹ = d/dx[x/(1-x)²] = (1+x)/(1-x)³,Multiply by x: ∑ n²xⁿ = x(1+x)/(1-x)³,Substitute x = 1/3: (1/3)(4/3)/(2/3)³ = (4/9)/(8/27) = 4×27/(9×8) = 3/2,Differentiate the geometric series formula repeatedly to build up powers of n,The formula ∑ n²xⁿ = x(1+x)/(1-x)³ comes from differentiating ∑ nxⁿ = x/(1-x)²,
69,hard,Real Analysis,Evaluate: lim_{x→0⁺} xˣ,single,,1,1 | 1.0,Write xˣ = e^(x·ln x) and focus on the exponent x·ln x as x → 0⁺,"Rewrite as lim x·ln x = lim (ln x)/(1/x), which is -∞/+∞ — apply L'Hôpital's Rule",L'Hôpital: lim (1/x)/(-1/x²) = lim(-x) = 0,Therefore lim_{x→0⁺} x·ln x = 0,So lim xˣ = e^0 = 1,Rewrite xˣ = e^(x ln x) and find the limit of the exponent separately,The exponent x·ln x = (ln x)/(1/x) is ∞/∞ — apply L'Hôpital's Rule,
70,hard,Real Analysis,Find the exact sum: ∑_{n=1}^∞ 1 / (n(n + 2)),single,,3/4,3/4 | 0.75,Apply partial fractions: 1/(n(n+2)) = (1/2)(1/n - 1/(n+2)),The series becomes: (1/2) ∑_{n=1}^∞ (1/n - 1/(n+2)) — a telescoping series,Write out terms: (1/2)[(1 - 1/3) + (1/2 - 1/4) + (1/3 - 1/5) + (1/4 - 1/6) + ...],"After cancellation, only the first two terms from each 'offset' survive: 1/1 and 1/2",Sum = (1/2)(1 + 1/2) = (1/2)(3/2) = 3/4,Use partial fractions to split 1/(n(n+2)) into two simpler fractions,The resulting series telescopes with a lag of 2 — the surviving terms are 1 and 1/2,
71,hard,Real Analysis,Find the exact sum: ∑_{n=0}^∞ (n + 1)(1/2)ⁿ,single,,4,4,Recall the geometric series: ∑_{n=0}^∞ xⁿ = 1/(1-x) for |x| < 1,Differentiate: ∑_{n=1}^∞ nxⁿ⁻¹ = 1/(1-x)²,This can be rewritten as ∑_{n=0}^∞ (n+1)xⁿ = 1/(1-x)²,Substitute x = 1/2: ∑ (n+1)(1/2)ⁿ = 1/(1 - 1/2)² = 1/(1/4),Sum = 4,Differentiate the geometric series formula ∑ xⁿ = 1/(1-x) to get a formula for ∑ (n+1)xⁿ,"After differentiating ∑ xⁿ, you get ∑ (n+1)xⁿ = 1/(1-x)² — substitute x = 1/2",
72,hard,Real Analysis,Evaluate: lim_{n→∞} (1/n) ∑_{k=1}^n (k/n)²,single,,1/3,1/3 | 0.333 | 0.3333,"Recognise this as a Riemann sum for a definite integral on [0, 1]",The sum (1/n)∑_{k=1}^n (k/n)² has the form (1/n)∑ f(k/n) with f(x) = x²,This is the right Riemann sum for ∫₀^1 x² dx with n equal subintervals,"As n → ∞, the Riemann sum converges to the integral: ∫₀^1 x² dx",∫₀^1 x² dx = [x³/3]₀^1 = 1/3,"Recognise the structure: (1/n)∑ f(k/n) is a Riemann sum on [0, 1]","With f(x) = x², the limit equals ∫₀^1 x² dx",
73,hard,Linear Algebra,"Find all eigenvalues of A = [[1, 0, 2], [0, 1, 0], [2, 0, 1]].",multiple,λ,"λ = -1, 1, 3","λ = -1, 1, 3 | -1, 1, 3 | λ = 1, -1, 3","Compute det(A - λI) = det([[1-λ, 0, 2], [0, 1-λ, 0], [2, 0, 1-λ]])","Expand along the middle row (two zeros): = (1-λ) · det([[1-λ, 2], [2, 1-λ]])",Inner determinant: (1-λ)² - 4,Characteristic polynomial: (1-λ)[(1-λ)² - 4] = (1-λ)(1-λ-2)(1-λ+2) = (1-λ)(-1-λ)(3-λ),"Setting equal to zero: λ = 1, λ = -1, λ = 3",Expand the characteristic polynomial det(A - λI) = 0 along a row with zeros,The middle row has two zeros — expanding along it leaves one 1×1 and one 2×2 determinant,
74,hard,Linear Algebra,"Find the nullity of A = [[1, 2, 3, 4], [2, 4, 6, 8], [1, 2, 4, 6]].",single,,2,2 | nullity = 2,"Row reduce A: R₂ → R₂ - 2R₁ gives [0, 0, 0, 0]; R₃ → R₃ - R₁ gives [0, 0, 1, 2]","RREF is [[1, 2, 3, 4], [0, 0, 1, 2], [0, 0, 0, 0]]",The rank of A (number of non-zero rows in RREF) = 2,By the Rank-Nullity Theorem: nullity = number of columns - rank = 4 - 2 = 2,"The free variables are x₂ and x₄, confirming the null space is 2-dimensional","Row reduce to find the rank, then apply the Rank-Nullity Theorem","After row reduction, count the pivot columns (rank) and subtract from the total column count",
75,hard,Linear Algebra,"Find the eigenvalue(s) of A = [[0, 1, 0], [0, 0, 1], [1, -3, 3]] and state the algebraic multiplicity.",single,λ,"λ = 1, multiplicity 3","λ = 1, multiplicity 3 | λ = 1 (multiplicity 3) | 1, multiplicity 3",Compute det(A - λI) by expanding along the first column,"det([[-λ,1,0],[0,-λ,1],[1,-3,3-λ]]) = -λ((-λ)(3-λ)+3) + 1·(1·1)",= -λ(-3λ+λ²+3) + 1 = -λ(λ²-3λ+3) + 1 = -λ³+3λ²-3λ+1,= -(λ³-3λ²+3λ-1) = -(λ-1)³,"So λ = 1 is the only eigenvalue, with algebraic multiplicity 3",This is the companion matrix of a polynomial — compute det(A - λI) directly,The characteristic polynomial factors as -(λ-1)³; expand carefully to see this,
76,hard,Linear Algebra,"Find the dimension of the null space of A = [[1, 1, 1], [1, 2, 3], [2, 3, 4]].",single,,1,1 | dim = 1,"Row reduce A: R₂ → R₂ - R₁ = [0, 1, 2]; R₃ → R₃ - 2R₁ = [0, 1, 2]","R₃ → R₃ - R₂ = [0, 0, 0]","RREF is [[1, 0, -1], [0, 1, 2], [0, 0, 0]] (after back-substitution)",Rank = 2 (two pivot columns); by Rank-Nullity: nullity = 3 - 2 = 1,"The null space is spanned by (1, -2, 1)ᵀ — one free variable x₃","Row reduce to find the rank, then use Rank-Nullity: nullity = n - rank","After row reduction you'll find exactly one free variable, confirming nullity = 1",
77,hard,Linear Algebra,"Compute det([[1, 2, 3], [4, 5, 6], [7, 8, 9]]).",single,,0,0,"Expand along the first row: 1·det([[5,6],[8,9]]) - 2·det([[4,6],[7,9]]) + 3·det([[4,5],[7,8]])",= 1(45-48) - 2(36-42) + 3(32-35),= 1(-3) - 2(-6) + 3(-3),= -3 + 12 - 9 = 0,"Note: row 3 = row 1 + row 2 + (row 3 - row 1 - row 2)... more simply, R₃ - 2R₂ + R₁ = 0, so the rows are linearly dependent","Expand along the first row using cofactors, or notice a linear dependence between rows","Observe that R₂ - R₁ = R₃ - R₂ = (3, 3, 3), meaning the rows form an arithmetic progression — they are linearly dependent",
78,hard,Linear Algebra,A 2×2 matrix A has trace 5 and determinant 6. Find the eigenvalues of A.,multiple,λ,"λ = 2, 3","λ = 2, 3 | 2, 3 | λ = 3, 2",The characteristic polynomial of a 2×2 matrix is λ² - tr(A)·λ + det(A) = 0,Substitute: λ² - 5λ + 6 = 0,Factor: (λ - 2)(λ - 3) = 0,Eigenvalues: λ = 2 and λ = 3,Verify: sum of eigenvalues = 2+3 = 5 = tr(A) ✓; product = 2×3 = 6 = det(A) ✓,"For a 2×2 matrix, the characteristic polynomial is λ² - tr(A)·λ + det(A) = 0","Substitute trace = 5 and det = 6 to get λ² - 5λ + 6 = 0, then factor",
79,hard,Polynomial Theory,Solve: x⁴ - 5x² + 4 = 0,multiple,x,"x = -2, -1, 1, 2","x = -2, -1, 1, 2 | -2, -1, 1, 2 | x = ±1, ±2 | ±1, ±2",Recognise this as a biquadratic — substitute u = x²,The equation becomes: u² - 5u + 4 = 0,"Factor: (u - 1)(u - 4) = 0, giving u = 1 or u = 4",Reverse the substitution: x² = 1 gives x = ±1; x² = 4 gives x = ±2,"Four solutions: x = -2, -1, 1, 2",Substitute u = x² to convert this into a quadratic equation in u,"After solving for u, remember each positive value of u gives two values of x",
80,hard,Polynomial Theory,Find all real roots of: x³ + 2x² - 5x - 6 = 0,multiple,x,"x = -3, -1, 2","x = -3, -1, 2 | -3, -1, 2 | x = 2, -1, -3","By the Rational Root Theorem, possible rational roots are: ±1, ±2, ±3, ±6",Test x = 2: 8 + 8 - 10 - 6 = 0 ✓ — so (x - 2) is a factor,Divide by (x - 2) using synthetic division: x³ + 2x² - 5x - 6 = (x - 2)(x² + 4x + 3),Factor the quadratic: x² + 4x + 3 = (x + 1)(x + 3),"Solutions: x = 2, x = -1, x = -3","Apply the Rational Root Theorem to find a rational root, then factor","Test x = 2; after factoring out (x - 2), the remaining quadratic factors easily",
81,hard,Polynomial Theory,Find the roots (and multiplicities) of: x⁴ - 8x³ + 24x² - 32x + 16 = 0,single,x,"x = 2, multiplicity 4","x = 2, multiplicity 4 | x = 2 (multiplicity 4) | x = 2","Recognise the pattern: coefficients 1, -8, 24, -32, 16 match the binomial expansion of (x - 2)⁴",Verify using the binomial theorem: (x-2)⁴ = x⁴ - 4·2x³ + 6·4x² - 4·8x + 16 = x⁴ - 8x³ + 24x² - 32x + 16 ✓,The polynomial is (x - 2)⁴,Setting (x - 2)⁴ = 0 gives x = 2 as the only root,The algebraic multiplicity is 4,Look for a perfect power pattern — check if this could be (x - a)⁴ for some integer a,"The binomial coefficients for (x - a)⁴ are 1, -4a, 6a², -4a³, a⁴ — match them to the polynomial",
82,hard,Polynomial Theory,Find all complex roots of: x⁴ - 1 = 0,multiple,x,"x = 1, -1, i, -i","x = 1, -1, i, -i | 1, -1, i, -i | x = ±1, ±i",Factor as a difference of squares: x⁴ - 1 = (x² - 1)(x² + 1),Factor further: x² - 1 = (x - 1)(x + 1),"For x² + 1 = 0: x² = -1, giving x = i and x = -i","The four roots are: x = 1, -1, i, -i","These are the 4th roots of unity, equally spaced on the unit circle at angles 0°, 90°, 180°, 270°","Factor x⁴ - 1 as a difference of squares first, then factor each piece",x² - 1 factors over ℝ; x² + 1 factors over ℂ giving the imaginary roots,
83,hard,Polynomial Theory,Find all complex roots of: x³ - 1 = 0,multiple,x,"x = 1, (-1 + i√3)/2, (-1 - i√3)/2","1, (-1+i√3)/2, (-1-i√3)/2 | x = 1, (-1+i√3)/2, (-1-i√3)/2 | 1, ω, ω²",Factor: x³ - 1 = (x - 1)(x² + x + 1),First root: x = 1,"For x² + x + 1 = 0, apply the quadratic formula: x = (-1 ± √(1-4))/2 = (-1 ± i√3)/2","The three cube roots of unity are: 1, ω = (-1+i√3)/2, ω² = (-1-i√3)/2",They satisfy |ω| = 1 and are equally spaced on the unit circle at 120° intervals,"Factor out (x - 1) first, then solve the remaining quadratic",The quadratic x² + x + 1 = 0 has complex roots — use the quadratic formula,
84,hard,Polynomial Theory,"Find all roots of x³ - 3x - 2 = 0, including multiplicities.",multiple,x,"x = -1, 2","x = -1, 2 | -1, 2 | x = -1 (double), x = 2 | -1 (multiplicity 2), 2",Test x = -1 (Rational Root Theorem): (-1)³ - 3(-1) - 2 = -1 + 3 - 2 = 0 ✓,Divide by (x + 1): x³ - 3x - 2 = (x + 1)(x² - x - 2),Factor the quadratic: x² - x - 2 = (x + 1)(x - 2),Therefore: x³ - 3x - 2 = (x + 1)²(x - 2),Roots: x = -1 (algebraic multiplicity 2) and x = 2 (multiplicity 1),"Find one rational root using the Rational Root Theorem, then divide and factor the result","After finding x = -1 as a root, the quotient is x² - x - 2, which reveals x = -1 is actually a double root",
85,hard,Advanced Calculus,"For f(x, y) = sin(xy), evaluate the mixed partial derivative ∂²f/∂x∂y at the point (0, 0).",single,,1,1,Compute the first partial derivative with respect to y: ∂f/∂y = x·cos(xy),Now differentiate with respect to x: ∂²f/∂x∂y = ∂/∂x[x·cos(xy)],Apply product rule: cos(xy) + x·(-sin(xy))·y = cos(xy) - xy·sin(xy),"Evaluate at (0, 0): cos(0·0) - (0)(0)·sin(0·0) = cos(0) - 0 = 1","The mixed partial ∂²f/∂x∂y at (0,0) equals 1","Differentiate first with respect to y, then differentiate the result with respect to x",After differentiating with respect to y you get x·cos(xy); apply the product rule for the second step,
86,hard,Advanced Calculus,"Find all critical points of f(x, y) = x³ + y³ - 3xy.",expression,x | y,"(0, 0) and (1, 1)","(0, 0) and (1, 1) | (0,0) and (1,1) | (0,0), (1,1)",Set partial derivatives to zero: ∂f/∂x = 3x² - 3y = 0 → y = x²,∂f/∂y = 3y² - 3x = 0 → x = y²,Substitute y = x² into x = y²: x = (x²)² = x⁴,"So x⁴ - x = x(x³ - 1) = 0, giving x = 0 or x = 1","x = 0 → y = 0; x = 1 → y = 1. Critical points: (0, 0) and (1, 1)",Set both partial derivatives to zero and solve the resulting system,From ∂f/∂x = 0 you get y = x²; substitute this into ∂f/∂y = 0 to find x,
87,hard,Advanced Calculus,"Use Lagrange multipliers to find the minimum value of f(x, y) = x² + y² subject to the constraint x + y = 1.",single,,1/2,1/2 | 0.5,"Set up Lagrange conditions: ∇f = λ∇g where g(x,y) = x + y - 1","∇f = (2x, 2y) and ∇g = (1, 1), so: 2x = λ and 2y = λ",Therefore x = y = λ/2. Substituting into x + y = 1 gives x = y = 1/2,"Minimum value: f(1/2, 1/2) = (1/2)² + (1/2)² = 1/4 + 1/4 = 1/2","This is the squared distance from the origin to the line x + y = 1 — geometrically, the closest point is (1/2, 1/2)",Set ∇f = λ∇g and solve simultaneously with the constraint,The Lagrange condition forces x = y; substitute into the constraint to find both values,
88,hard,Advanced Calculus,Evaluate the double integral: ∫₀^1 ∫₀^1 (x + y) dx dy,single,,1,1 | 1.0,Evaluate the inner integral first (treating y as constant): ∫₀^1 (x + y) dx,= [x²/2 + xy]₀^1 = 1/2 + y,Now evaluate the outer integral: ∫₀^1 (1/2 + y) dy,= [y/2 + y²/2]₀^1 = 1/2 + 1/2 = 1,"By symmetry, this also equals 2 ∫₀^1 ∫₀^1 x dx dy = 2 × (1/2)(1) = 1 ✓",Evaluate the inner integral first (treating the outer variable as a constant),The inner integral ∫₀^1 (x+y) dx = 1/2 + y — then integrate this with respect to y,
89,hard,Advanced Calculus,"Find the directional derivative of f(x, y) = x²y at the point (2, 3) in the direction of the unit vector u = (1/√2, 1/√2).",single,,8√2,8√2 | 8*sqrt(2) | 11.314,"Compute the gradient ∇f = (∂f/∂x, ∂f/∂y) = (2xy, x²)","Evaluate at (2, 3): ∇f(2, 3) = (2·2·3, 2²) = (12, 4)",The directional derivative is D_u f = ∇f · u,"D_u f = (12, 4) · (1/√2, 1/√2) = (12 + 4)/√2 = 16/√2",Simplify: 16/√2 = 16√2/2 = 8√2,"The directional derivative D_u f = ∇f · u — compute the gradient first, then dot with u","Evaluate ∇f = (2xy, x²) at (2, 3) to get (12, 4), then take the dot product with (1/√2, 1/√2)",
90,hard,Advanced Calculus,"Find the maximum value of f(x, y) = 3x + 4y subject to the constraint x² + y² = 25.",single,,25,25,Apply Lagrange multipliers: ∇f = λ∇g where g = x² + y² - 25,"Conditions: 3 = 2λx and 4 = 2λy, giving x = 3/(2λ) and y = 2/λ",Substitute into x² + y² = 25: 9/(4λ²) + 4/λ² = 25 → (9 + 16)/(4λ²) = 25 → λ² = 1/4 → λ = ±1/2,"For λ = 1/2: x = 3, y = 4. Maximum value: 3(3) + 4(4) = 9 + 16 = 25",Alternatively by Cauchy-Schwarz: |3x+4y| ≤ √(9+16)·√(x²+y²) = 5·5 = 25 ✓,"Use Lagrange multipliers, or apply the Cauchy-Schwarz inequality",Cauchy-Schwarz gives (3x+4y)² ≤ (3²+4²)(x²+y²) = 25·25 — equality holds at a specific point,
